name,url,username,password
crsorgi.gov.in,http://crsorgi.gov.in/web/index.php/auth/resetPassword/M/RG1ML3ZBdFFsSWp3a3J2eFdZUytoUT09,MH2507400001GP,Jivan@6585
crsorgi.gov.in,http://crsorgi.gov.in/web/index.php/auth/resetPassword/M/RG1ML3ZBdFFsSWp3a3J2eFdZUytoUT09,jivan6585,Jivan@6585
aapleabhilekh.mahabhumi.gov.in,https://aapleabhilekh.mahabhumi.gov.in/erecords,jivan6585,Jivan@6585
digitalsatbara.mahabhumi.gov.in,https://digitalsatbara.mahabhumi.gov.in/DSLR/Registration/UserRegistration,jivan6585,Jivan@6585
wss.mahadiscom.in,https://wss.mahadiscom.in/wss/wss,Jivanpagar,Jivan@6585
aaplesarkar.mahaonline.gov.in,https://aaplesarkar.mahaonline.gov.in/,jivan6585,Jivan@1561
aaplesarkar.mahaonline.gov.in,https://aaplesarkar.mahaonline.gov.in/,pagarbhausaheb123,Bhausaheb@123
education.maharashtra.gov.in,https://education.maharashtra.gov.in/mdm/users/login/5,27200115702,Vsjadhav@02
mh-ssc.ac.in,http://mh-ssc.ac.in/TeacherInfo.aspx,mayabodkhe24@gmail.com,vaygaon
school.mh-ssc.ac.in,http://school.mh-ssc.ac.in/Teacherlogin.aspx,1312024,vaygaon
mvperp.org,https://mvperp.org/,851919966625,jivan6585
myraah.io,https://myraah.io/freedomain/registerv3,jivanbpagar6585@gmail.com,jivan6585
pmfby.gov.in,https://pmfby.gov.in/,9405437561,VLdQRQ9BpRWnTbp
tlauncher.org,https://tlauncher.org/en/reg/,jivanbpagar6585@gmail.com,jivan6585
