{
	"info": {
		"_postman_id": "66a769b5-caae-49f0-be88-b859d31c4391",
		"name": "Tapasni-Report",
		"schema": "https://schema.getpostman.com/json/collection/v2.1.0/collection.json",
		"_exporter_id": "34758076"
	},
	"item": [
		{
			"name": "Save",
			"request": {
				"method": "POST",
				"header": [],
				"body": {
					"mode": "formdata",
					"formdata": [
						{
							"key": "name",
							"value": "Raju",
							"type": "text"
						},
						{
							"key": "email",
							"value": "Raju@gmail.com",
							"type": "text"
						},
						{
							"key": "password",
							"value": "raju@123",
							"type": "text"
						},
						{
							"key": "confirmPassword",
							"value": "raju@123",
							"type": "text"
						},
						{
							"key": "mobileNo",
							"value": "1234567891",
							"type": "text"
						},
						{
							"key": "status",
							"value": "ACTIVE",
							"type": "text"
						},
						{
							"key": "photo",
							"type": "file",
							"src": "/C:/Users/rautr/Pictures/74396dd6-8f0d-4f4f-8683-dcc2a44fac2a.jpeg"
						}
					]
				},
				"url": {
					"raw": "localhost:8080/tapasaniform/save",
					"host": [
						"localhost"
					],
					"port": "8080",
					"path": [
						"tapasaniform",
						"save"
					]
				}
			},
			"response": []
		},
		{
			"name": "GetAll",
			"request": {
				"method": "POST",
				"header": [],
				"url": {
					"raw": "localhost:8080/tapasaniform/getAll",
					"host": [
						"localhost"
					],
					"port": "8080",
					"path": [
						"tapasaniform",
						"getAll"
					]
				}
			},
			"response": []
		},
		{
			"name": "GetById",
			"request": {
				"method": "POST",
				"header": [],
				"url": {
					"raw": "localhost:8080/tapasaniform/get/11",
					"host": [
						"localhost"
					],
					"port": "8080",
					"path": [
						"tapasaniform",
						"get",
						"11"
					]
				}
			},
			"response": []
		},
		{
			"name": "DeleteById",
			"request": {
				"method": "POST",
				"header": [],
				"url": {
					"raw": "localhost:8080/tapasaniform/delete/7",
					"host": [
						"localhost"
					],
					"port": "8080",
					"path": [
						"tapasaniform",
						"delete",
						"7"
					]
				}
			},
			"response": []
		},
		{
			"name": "UpdateById",
			"request": {
				"method": "POST",
				"header": [],
				"body": {
					"mode": "formdata",
					"formdata": [
						{
							"key": "name",
							"value": "Raju",
							"type": "text"
						},
						{
							"key": "email",
							"value": "Raju@gmail.com",
							"type": "text"
						},
						{
							"key": "password",
							"value": "raju@1234",
							"type": "text"
						},
						{
							"key": "confirmPassword",
							"value": "raju@1234",
							"type": "text"
						},
						{
							"key": "mobileNo",
							"value": "4578945612",
							"type": "text"
						},
						{
							"key": "photo",
							"type": "file",
							"src": "/C:/Users/rautr/Pictures/74396dd6-8f0d-4f4f-8683-dcc2a44fac2a.jpeg"
						},
						{
							"key": "status",
							"value": "ACTIVE",
							"type": "text"
						}
					]
				},
				"url": {
					"raw": "localhost:8080/tapasaniform/update/11",
					"host": [
						"localhost"
					],
					"port": "8080",
					"path": [
						"tapasaniform",
						"update",
						"11"
					]
				}
			},
			"response": []
		}
	]
}